
/**---1ºASIR-1 a 65--*/
INSERT INTO Alumnos(nombre,email) VALUES("Baños Trujillo, Francisco José","");
INSERT INTO Alumnos(nombre,email) VALUES("Carpio Cuevas, Sergio","");
INSERT INTO Alumnos(nombre,email) VALUES("Castro Muñoz, Antonio Javier","");
INSERT INTO Alumnos(nombre,email) VALUES("Castro Torres, Bernabé","");
INSERT INTO Alumnos(nombre,email) VALUES("De la Mata Aguilar, Alfonso","");
INSERT INTO Alumnos(nombre,email) VALUES("Díaz Ramos, José María","");
INSERT INTO Alumnos(nombre,email) VALUES("Erencia Gómez, Antonio","");
INSERT INTO Alumnos(nombre,email) VALUES("Escribano García, Antonio Jesús","");
INSERT INTO Alumnos(nombre,email) VALUES("Estepa Calero, Juan José","");
INSERT INTO Alumnos(nombre,email) VALUES("Fernández Grande, Álvaro","");
INSERT INTO Alumnos(nombre,email) VALUES("García Hinojosa, Juan Francisco","");
INSERT INTO Alumnos(nombre,email) VALUES("García Roldán, Ignacio","");
INSERT INTO Alumnos(nombre,email) VALUES("García Sánchez, Mario","");
INSERT INTO Alumnos(nombre,email) VALUES("González León, Ana María","");
INSERT INTO Alumnos(nombre,email) VALUES("Hernández Pozo, Manuel David","");
INSERT INTO Alumnos(nombre,email) VALUES("Humanes Barrios, David","");
INSERT INTO Alumnos(nombre,email) VALUES("Luna Berral, Antonio","");
INSERT INTO Alumnos(nombre,email) VALUES("Martínez Pulido, Domingo","");
INSERT INTO Alumnos(nombre,email) VALUES("Molinero Moles, José","");
INSERT INTO Alumnos(nombre,email) VALUES("Murillo Ávila, Pablo","");
INSERT INTO Alumnos(nombre,email) VALUES("Orti Tordera, Antonio","");
INSERT INTO Alumnos(nombre,email) VALUES("Pérez Sánchez, Juan Camilo","");
INSERT INTO Alumnos(nombre,email) VALUES("Regalón Hernández, Iván","");
INSERT INTO Alumnos(nombre,email) VALUES("Rivera Sánchez, Gema María","");
INSERT INTO Alumnos(nombre,email) VALUES("Rodríguez Benito, Francisco","");
INSERT INTO Alumnos(nombre,email) VALUES("Romero Lavirgen, Juan Francisco","");
INSERT INTO Alumnos(nombre,email) VALUES("Sánchez Zamora, Juan Miguel","");    
INSERT INTO Alumnos(nombre,email) VALUES("Sobota, Enrico","");
INSERT INTO Alumnos(nombre,email) VALUES("Sotomayor Rueda, Daniel","");
INSERT INTO Alumnos(nombre,email) VALUES("Tirado Carrillo, Miguel","");
INSERT INTO Alumnos(nombre,email) VALUES("Triviño Angulo, Cristina Elizabeth","");
INSERT INTO Alumnos(nombre,email) VALUES("Valenzuela Andújar, Manuel","");
INSERT INTO Alumnos(nombre,email) VALUES("Velasco Gutiérrez, Moisés","");
INSERT INTO Alumnos(nombre,email) VALUES("Zamora Vargas, Guzmán","");

/**---1ºDAW-35 a 65--*/

INSERT INTO Alumnos(nombre,email) VALUES("Aguilar Granados, José Antonio","");
INSERT INTO Alumnos(nombre,email) VALUES("Boquizo Sánchez, Guillermo","");
INSERT INTO Alumnos(nombre,email) VALUES("Borrero Barea, Nieves María","");
INSERT INTO Alumnos(nombre,email) VALUES("Bravo Martínez, José Manuel","");
INSERT INTO Alumnos(nombre,email) VALUES("Budau, Andrei Alexandru","");
INSERT INTO Alumnos(nombre,email) VALUES("Campanero Ortega, Rafael Carlos","");
INSERT INTO Alumnos(nombre,email) VALUES("Cruz Álvarez, Rafael Miguel","");
INSERT INTO Alumnos(nombre,email) VALUES("Cruz Moleón, Soledad María","");
INSERT INTO Alumnos(nombre,email) VALUES("Delgado Peña, Rafael","");
INSERT INTO Alumnos(nombre,email) VALUES("Gavilán Merino, Miguel Ángel","");    
INSERT INTO Alumnos(nombre,email) VALUES("Gestino Notario, Daniel","");         
INSERT INTO Alumnos(nombre,email) VALUES("Gómez Luna, Rafael","");              
INSERT INTO Alumnos(nombre,email) VALUES("González Prófumo, Juan Manuel","");   
INSERT INTO Alumnos(nombre,email) VALUES("Jiménez Romero, Antonio","");         
INSERT INTO Alumnos(nombre,email) VALUES("Jiménez Soto, Alberto","");           
INSERT INTO Alumnos(nombre,email) VALUES("León Alcaide, Pablo","");             
INSERT INTO Alumnos(nombre,email) VALUES("Lucena Fernández, Juan Francisco","");
INSERT INTO Alumnos(nombre,email) VALUES("Martínez Jiménez, Alberto Miguel","");
INSERT INTO Alumnos(nombre,email) VALUES("Mejías Leiva, Jesús","");             
INSERT INTO Alumnos(nombre,email) VALUES("Mellado Jiménez, Rafael","");         
INSERT INTO Alumnos(nombre,email) VALUES("Molina Roldán, Antonio José","");     
INSERT INTO Alumnos(nombre,email) VALUES("Pérez Cano, Alberto","");             
INSERT INTO Alumnos(nombre,email) VALUES("Ponferrada López, Javier","");        
INSERT INTO Alumnos(nombre,email) VALUES("Ramírez Ruiz, Francisco","");         
INSERT INTO Alumnos(nombre,email) VALUES("Rueda Morales, Juan","");             
INSERT INTO Alumnos(nombre,email) VALUES("Sánchez Blanco, Manuel","");          
INSERT INTO Alumnos(nombre,email) VALUES("Sánchez Santacruz, Antonio Jesús","");
INSERT INTO Alumnos(nombre,email) VALUES("Sevillano Vega, Victoriano","");      
INSERT INTO Alumnos(nombre,email) VALUES("Valentín Serrano, Santiago","");      
INSERT INTO Alumnos(nombre,email) VALUES("Valenzuela Cantero, Enrique","");     
INSERT INTO Alumnos(nombre,email) VALUES("Yuste Jiménez, Rafael",""); 

/**---2ºDAW--nº66 a 81-*/

INSERT INTO Alumnos(nombre,email) VALUES("Almansa Domínguez, Coral","");    
INSERT INTO Alumnos(nombre,email) VALUES("Cabrera Cebrero, Daniel","");     
INSERT INTO Alumnos(nombre,email) VALUES("Carrillo Roldán, Alejandro",""); 
INSERT INTO Alumnos(nombre,email) VALUES("Cubero López, Juan Antonio","");  
INSERT INTO Alumnos(nombre,email) VALUES("Flores Gómez, Roberto Carlos","");
INSERT INTO Alumnos(nombre,email) VALUES("González Peña, José Manuel","");  
INSERT INTO Alumnos(nombre,email) VALUES("Heredia Tartajo, Oscar","");      
INSERT INTO Alumnos(nombre,email) VALUES("López Moyano, Miguel Ángel","");  
INSERT INTO Alumnos(nombre,email) VALUES("Luque Bravo, Antonio","");        
INSERT INTO Alumnos(nombre,email) VALUES("Mariscal Solís, Javier","");      
INSERT INTO Alumnos(nombre,email) VALUES("Márquez Muñoz, Lucas","");        
INSERT INTO Alumnos(nombre,email) VALUES("Moreno Povedano, Raúl","");       
INSERT INTO Alumnos(nombre,email) VALUES("Muñoz Cordón, Estela","");        
INSERT INTO Alumnos(nombre,email) VALUES("Peralvo Gómez, David","");        
INSERT INTO Alumnos(nombre,email) VALUES("Sánchez Sanvicente, Pablo","");   
INSERT INTO Alumnos(nombre,email) VALUES("Zamora Blanco, Miguel Ángel",""); 

/**---CICLOS---*/

INSERT INTO Ciclos (ciclos) VALUES ("ASIR");
INSERT INTO Ciclos (ciclos) VALUES ("DAW");

/**---GRUPOS---*/
INSERT INTO Grupos(nombre,aula,ciclo,idAlumno) VALUES("1ASIR","114","ASIR",1);
INSERT INTO Grupos(nombre,aula,ciclo,idAlumno) VALUES("1ASIR","114","ASIR",2);
INSERT INTO Grupos(nombre,aula,ciclo,idAlumno) VALUES("1ASIR","114","ASIR",3);
INSERT INTO Grupos(nombre,aula,ciclo,idAlumno) VALUES("1ASIR","114","ASIR",4);
INSERT INTO Grupos(nombre,aula,ciclo,idAlumno) VALUES("1ASIR","114","ASIR",5);
INSERT INTO Grupos(nombre,aula,ciclo,idAlumno) VALUES("1ASIR","114","ASIR",6);
INSERT INTO Grupos(nombre,aula,ciclo,idAlumno) VALUES("1ASIR","114","ASIR",7);
INSERT INTO Grupos(nombre,aula,ciclo,idAlumno) VALUES("1ASIR","114","ASIR",8);
INSERT INTO Grupos(nombre,aula,ciclo,idAlumno) VALUES("1ASIR","114","ASIR",9);
INSERT INTO Grupos(nombre,aula,ciclo,idAlumno) VALUES("1ASIR","114","ASIR",10);
INSERT INTO Grupos(nombre,aula,ciclo,idAlumno) VALUES("1ASIR","114","ASIR",11);
INSERT INTO Grupos(nombre,aula,ciclo,idAlumno) VALUES("1ASIR","114","ASIR",12);
INSERT INTO Grupos(nombre,aula,ciclo,idAlumno) VALUES("1ASIR","114","ASIR",13);
INSERT INTO Grupos(nombre,aula,ciclo,idAlumno) VALUES("1ASIR","114","ASIR",14);
INSERT INTO Grupos(nombre,aula,ciclo,idAlumno) VALUES("1ASIR","114","ASIR",15);
INSERT INTO Grupos(nombre,aula,ciclo,idAlumno) VALUES("1ASIR","114","ASIR",16);
INSERT INTO Grupos(nombre,aula,ciclo,idAlumno) VALUES("1ASIR","114","ASIR",17);
INSERT INTO Grupos(nombre,aula,ciclo,idAlumno) VALUES("1ASIR","114","ASIR",18);
INSERT INTO Grupos(nombre,aula,ciclo,idAlumno) VALUES("1ASIR","114","ASIR",19);
INSERT INTO Grupos(nombre,aula,ciclo,idAlumno) VALUES("1ASIR","114","ASIR",20);
INSERT INTO Grupos(nombre,aula,ciclo,idAlumno) VALUES("1ASIR","114","ASIR",21);
INSERT INTO Grupos(nombre,aula,ciclo,idAlumno) VALUES("1ASIR","114","ASIR",22);
INSERT INTO Grupos(nombre,aula,ciclo,idAlumno) VALUES("1ASIR","114","ASIR",23);
INSERT INTO Grupos(nombre,aula,ciclo,idAlumno) VALUES("1ASIR","114","ASIR",24);
INSERT INTO Grupos(nombre,aula,ciclo,idAlumno) VALUES("1ASIR","114","ASIR",25);
INSERT INTO Grupos(nombre,aula,ciclo,idAlumno) VALUES("1ASIR","114","ASIR",26);
INSERT INTO Grupos(nombre,aula,ciclo,idAlumno) VALUES("1ASIR","114","ASIR",27);
INSERT INTO Grupos(nombre,aula,ciclo,idAlumno) VALUES("1ASIR","114","ASIR",28);
INSERT INTO Grupos(nombre,aula,ciclo,idAlumno) VALUES("1ASIR","114","ASIR",29);
INSERT INTO Grupos(nombre,aula,ciclo,idAlumno) VALUES("1ASIR","114","ASIR",30);
INSERT INTO Grupos(nombre,aula,ciclo,idAlumno) VALUES("1ASIR","114","ASIR",31);
INSERT INTO Grupos(nombre,aula,ciclo,idAlumno) VALUES("1ASIR","114","ASIR",32);
INSERT INTO Grupos(nombre,aula,ciclo,idAlumno) VALUES("1ASIR","114","ASIR",33);
INSERT INTO Grupos(nombre,aula,ciclo,idAlumno) VALUES("1ASIR","114","ASIR",34);

INSERT INTO Grupos(nombre,aula,ciclo,idAlumno) VALUES("1DAW","115","DAW",35);
INSERT INTO Grupos(nombre,aula,ciclo,idAlumno) VALUES("1DAW","115","DAW",36);
INSERT INTO Grupos(nombre,aula,ciclo,idAlumno) VALUES("1DAW","115","DAW",37);
INSERT INTO Grupos(nombre,aula,ciclo,idAlumno) VALUES("1DAW","115","DAW",38);
INSERT INTO Grupos(nombre,aula,ciclo,idAlumno) VALUES("1DAW","115","DAW",39);
INSERT INTO Grupos(nombre,aula,ciclo,idAlumno) VALUES("1DAW","115","DAW",40);
INSERT INTO Grupos(nombre,aula,ciclo,idAlumno) VALUES("1DAW","115","DAW",41);
INSERT INTO Grupos(nombre,aula,ciclo,idAlumno) VALUES("1DAW","115","DAW",42);
INSERT INTO Grupos(nombre,aula,ciclo,idAlumno) VALUES("1DAW","115","DAW",43);
INSERT INTO Grupos(nombre,aula,ciclo,idAlumno) VALUES("1DAW","115","DAW",44);
INSERT INTO Grupos(nombre,aula,ciclo,idAlumno) VALUES("1DAW","115","DAW",45);
INSERT INTO Grupos(nombre,aula,ciclo,idAlumno) VALUES("1DAW","115","DAW",46);
INSERT INTO Grupos(nombre,aula,ciclo,idAlumno) VALUES("1DAW","115","DAW",47);
INSERT INTO Grupos(nombre,aula,ciclo,idAlumno) VALUES("1DAW","115","DAW",48);
INSERT INTO Grupos(nombre,aula,ciclo,idAlumno) VALUES("1DAW","115","DAW",49);
INSERT INTO Grupos(nombre,aula,ciclo,idAlumno) VALUES("1DAW","115","DAW",50);
INSERT INTO Grupos(nombre,aula,ciclo,idAlumno) VALUES("1DAW","115","DAW",51);
INSERT INTO Grupos(nombre,aula,ciclo,idAlumno) VALUES("1DAW","115","DAW",52);
INSERT INTO Grupos(nombre,aula,ciclo,idAlumno) VALUES("1DAW","115","DAW",53);
INSERT INTO Grupos(nombre,aula,ciclo,idAlumno) VALUES("1DAW","115","DAW",54);
INSERT INTO Grupos(nombre,aula,ciclo,idAlumno) VALUES("1DAW","115","DAW",55);
INSERT INTO Grupos(nombre,aula,ciclo,idAlumno) VALUES("1DAW","115","DAW",56);
INSERT INTO Grupos(nombre,aula,ciclo,idAlumno) VALUES("1DAW","115","DAW",57);
INSERT INTO Grupos(nombre,aula,ciclo,idAlumno) VALUES("1DAW","115","DAW",58);
INSERT INTO Grupos(nombre,aula,ciclo,idAlumno) VALUES("1DAW","115","DAW",59);
INSERT INTO Grupos(nombre,aula,ciclo,idAlumno) VALUES("1DAW","115","DAW",60);
INSERT INTO Grupos(nombre,aula,ciclo,idAlumno) VALUES("1DAW","115","DAW",61);
INSERT INTO Grupos(nombre,aula,ciclo,idAlumno) VALUES("1DAW","115","DAW",62);
INSERT INTO Grupos(nombre,aula,ciclo,idAlumno) VALUES("1DAW","115","DAW",63);
INSERT INTO Grupos(nombre,aula,ciclo,idAlumno) VALUES("1DAW","115","DAW",64);
INSERT INTO Grupos(nombre,aula,ciclo,idAlumno) VALUES("1DAW","115","DAW",65);

INSERT INTO Grupos(nombre,aula,ciclo,idAlumno) VALUES("2DAW","116","DAW",66);
INSERT INTO Grupos(nombre,aula,ciclo,idAlumno) VALUES("2DAW","116","DAW",67);
INSERT INTO Grupos(nombre,aula,ciclo,idAlumno) VALUES("2DAW","116","DAW",68);
INSERT INTO Grupos(nombre,aula,ciclo,idAlumno) VALUES("2DAW","116","DAW",69);
INSERT INTO Grupos(nombre,aula,ciclo,idAlumno) VALUES("2DAW","116","DAW",70);
INSERT INTO Grupos(nombre,aula,ciclo,idAlumno) VALUES("2DAW","116","DAW",71);
INSERT INTO Grupos(nombre,aula,ciclo,idAlumno) VALUES("2DAW","116","DAW",72);
INSERT INTO Grupos(nombre,aula,ciclo,idAlumno) VALUES("2DAW","116","DAW",73);
INSERT INTO Grupos(nombre,aula,ciclo,idAlumno) VALUES("2DAW","116","DAW",74);
INSERT INTO Grupos(nombre,aula,ciclo,idAlumno) VALUES("2DAW","116","DAW",75);
INSERT INTO Grupos(nombre,aula,ciclo,idAlumno) VALUES("2DAW","116","DAW",76);
INSERT INTO Grupos(nombre,aula,ciclo,idAlumno) VALUES("2DAW","116","DAW",77);
INSERT INTO Grupos(nombre,aula,ciclo,idAlumno) VALUES("2DAW","116","DAW",78);
INSERT INTO Grupos(nombre,aula,ciclo,idAlumno) VALUES("2DAW","116","DAW",79);
INSERT INTO Grupos(nombre,aula,ciclo,idAlumno) VALUES("2DAW","116","DAW",80);
INSERT INTO Grupos(nombre,aula,ciclo,idAlumno) VALUES("2DAW","116","DAW",81);










